{
  "params": {
    "mf_factors": 30,
    "epochs": 30,
    "batch_size": 512,
    "top_k": 250,
    "top_n": 50
  },
  "metrics": {
    "Precision@5": 0.030927835051546393,
    "Recall@5": 0.010090580597903877,
    "NDCG@5": 0.031170224255609297,
    "HitRate@5": 0.13917525773195877,
    "Precision@10": 0.02989690721649485,
    "Recall@10": 0.018822287791022182,
    "NDCG@10": 0.03084468145206781,
    "HitRate@10": 0.2268041237113402,
    "evaluated_users": 194,
    "total_users": 194
  },
  "composite_score": 0.03084468145206781,
  "timestamp": "2025-11-01 22:11:40"
}